,cost,time
#1,922.0,0.03
#2,501.5,0.02
#3,783.5,0.02
median,783.5,0.02
avg,735.666666667,0.0233333333333
