,cost,time
#1,1072.0,0.17
#2,846.333,0.18
#3,616.417,0.17
median,846.333,0.17
avg,844.916666667,0.173333333333
