,cost,time
#1,1386.67,0.06
#2,520.417,0.08
#3,698.75,0.08
median,698.75,0.08
avg,868.612333333,0.0733333333333
