,cost,time
#1,643.917,0.44
#2,893.133,0.4
#3,621.7,0.43
median,643.917,0.43
avg,719.583333333,0.423333333333
