,cost,time
#1,1418.5,0.39
#2,1124.5,0.38
#3,527.883,0.51
median,1124.5,0.39
avg,1023.62766667,0.426666666667
