,cost,time
#1,711.083,0.53
#2,984.75,0.43
#3,905.667,0.41
median,905.667,0.43
avg,867.166666667,0.456666666667
