,cost,time
#1,1129.0,0.03
#2,607.833,0.03
#3,286.15,0.02
median,607.833,0.03
avg,674.327666667,0.0266666666667
