,cost,time
#1,1175.0,0.84
#2,1878.5,0.73
#3,1701.67,0.78
median,1701.67,0.78
avg,1585.05666667,0.783333333333
