,cost,time
#1,727.767,0.82
#2,931.333,0.84
#3,754.9,0.82
median,754.9,0.82
avg,804.666666667,0.826666666667
