,cost,time
#1,1040.5,0.02
#2,1040.5,0.04
#3,708.5,0.02
median,1040.5,0.02
avg,929.833333333,0.0266666666667
