,cost,time
#1,1177.0,0.04
#2,747.5,0.05
#3,924.5,0.02
median,924.5,0.04
avg,949.666666667,0.0366666666667
