,cost,time
#1,885.2,0.88
#2,898.833,0.81
#3,570.033,0.93
median,885.2,0.88
avg,784.688666667,0.873333333333
