,cost,time
#1,342.833,0.03
#2,1300.0,0.02
#3,425.417,0.02
median,425.417,0.02
avg,689.416666667,0.0233333333333
