,cost,time
#1,1201.08,0.21
#2,1284.33,0.16
#3,880.0,0.18
median,1201.08,0.18
avg,1121.80333333,0.183333333333
