,cost,time
#1,675.833,0.07
#2,742.667,0.07
#3,1060.0,0.06
median,742.667,0.07
avg,826.166666667,0.0666666666667
