,cost,time
#1,1189.07,0.17
#2,1391.83,0.19
#3,1584.83,0.17
median,1391.83,0.17
avg,1388.57666667,0.176666666667
