,cost,time
#1,839.0,0.41
#2,638.2,0.46
#3,735.85,0.41
median,735.85,0.41
avg,737.683333333,0.426666666667
