,cost,time
#1,575.833,0.21
#2,666.167,0.24
#3,544.333,0.22
median,575.833,0.22
avg,595.444333333,0.223333333333
